CustomerID,LoanID,LoanAmount,Tenure,InterestRate,Monthlypayment,EMIspaidonTime,DateofApproval,EndDate,MonthlyPayment,EMIsPaidOnTime,DateOfApproval
14.0,5930,900000,129,8.2,15344.0,114.0,3/9/2017,12/9/2027,,,
270.0,2941,300000,3,13.46,100000.0,3.0,9/6/2011,12/6/2011,,,
28.0,5152,200000,147,12.39,5526.0,126.0,7/13/2015,10/13/2027,,,
68.0,6701,500000,171,12.72,15631.0,160.0,1/4/2021,4/4/2035,,,
244.0,7997,400000,135,12.1,10408.0,81.0,5/2/2019,8/2/2030,,,
229.0,4648,700000,18,12.57,43777.0,13.0,9/10/2020,3/10/2022,,,
29.0,8977,200000,21,17.07,11150.0,19.0,7/8/2011,4/8/2013,,,
93.0,8532,200000,144,13.03,6039.0,99.0,11/11/2011,11/11/2023,,,
138.0,8579,200000,159,10.65,4688.0,141.0,11/25/2011,2/25/2025,,,
53.0,8321,100000,177,9.59,2036.0,123.0,8/7/2011,5/7/2026,,,
12.0,2108,800000,120,9.14,15986.0,104.0,12/8/2019,12/8/2029,,,
133.0,3832,1000000,9,9.12,111111.0,6.0,11/1/2016,8/1/2017,,,
187.0,4207,200000,120,17.1,8080.0,74.0,1/30/2014,1/30/2024,,,
21.0,1548,600000,102,17.89,21947.0,65.0,12/1/2022,6/1/2031,,,
251.0,6957,600000,90,16.14,19001.0,56.0,2/16/2018,8/16/2025,,,
105.0,1313,500000,69,13.21,13475.0,42.0,7/1/2017,4/1/2023,,,
173.0,2751,200000,81,12.84,5097.0,50.0,3/9/2016,12/9/2022,,,
280.0,1787,600000,132,16.87,25253.0,88.0,12/29/2021,12/29/2032,,,
35.0,9640,600000,129,11.83,14228.0,122.0,2/23/2012,11/23/2022,,,
209.0,6917,700000,84,10.42,16678.0,79.0,1/10/2022,1/10/2029,,,
70.0,1438,500000,57,17.52,16732.0,56.0,8/13/2013,5/13/2018,,,
186.0,2767,500000,150,16.78,21444.0,111.0,8/26/2018,2/26/2031,,,
270.0,6018,600000,120,8.91,11739.0,94.0,12/2/2017,12/2/2027,,,
223.0,3363,700000,120,14.01,21644.0,99.0,4/4/2019,4/4/2029,,,
107.0,6719,200000,102,10.15,4249.0,92.0,1/26/2010,7/26/2018,,,
265.0,8112,500000,54,16.06,16800.0,35.0,7/17/2015,1/17/2020,,,
260.0,9996,600000,90,18.0,21236.0,59.0,2/12/2023,8/12/2030,,,
15.0,4439,900000,105,8.87,16917.0,64.0,3/7/2016,12/7/2024,,,
125.0,2826,400000,15,9.79,29277.0,9.0,2/18/2022,5/18/2023,,,
173.0,7191,300000,93,14.61,8379.0,90.0,8/1/2023,5/1/2031,,,
129.0,3792,300000,159,9.55,6176.0,112.0,1/6/2016,4/6/2029,,,
276.0,3056,400000,141,16.32,14964.0,99.0,7/24/2013,4/24/2025,,,
24.0,6592,300000,147,8.37,5354.0,93.0,9/26/2016,12/26/2028,,,
288.0,1151,900000,24,17.01,51343.0,19.0,7/24/2017,7/24/2019,,,
74.0,5639,200000,81,10.59,4517.0,74.0,5/28/2022,2/28/2029,,,
258.0,8659,500000,63,9.65,12580.0,60.0,3/14/2010,6/14/2015,,,
290.0,3301,800000,108,14.55,25155.0,86.0,8/19/2016,8/19/2025,,,
184.0,4364,200000,126,13.61,5686.0,118.0,8/27/2014,2/27/2025,,,
187.0,1302,1000000,90,15.24,29990.0,61.0,6/3/2020,12/3/2027,,,
29.0,8265,700000,150,13.23,20727.0,127.0,11/13/2020,5/13/2033,,,
2.0,5607,400000,81,13.16,10369.0,64.0,3/20/2017,12/20/2023,,,
191.0,1039,600000,63,14.52,18759.0,63.0,7/6/2014,10/6/2019,,,
250.0,7023,500000,81,16.79,15665.0,57.0,7/31/2023,4/30/2030,,,
240.0,1336,800000,162,12.03,21623.0,93.0,12/22/2019,6/22/2033,,,
241.0,5189,400000,153,10.72,8873.0,133.0,11/22/2011,8/22/2024,,,
215.0,7879,800000,177,13.55,26775.0,152.0,3/12/2015,12/12/2029,,,
84.0,6700,500000,72,17.63,18397.0,66.0,5/21/2016,5/21/2022,,,
295.0,7102,600000,120,12.89,16808.0,105.0,12/19/2021,12/19/2031,,,
113.0,4722,700000,138,15.36,24425.0,93.0,6/10/2023,12/10/2034,,,
202.0,2459,600000,105,15.98,18708.0,87.0,12/3/2017,9/3/2026,,,
81.0,7884,900000,87,13.91,25743.0,61.0,2/10/2014,5/10/2021,,,
86.0,3514,800000,87,15.08,24579.0,46.0,10/19/2012,1/19/2020,,,
274.0,6628,500000,153,12.55,13503.0,153.0,8/7/2016,5/7/2029,,,
298.0,8640,300000,150,11.04,7027.0,77.0,11/7/2015,5/7/2028,,,
187.0,4951,200000,144,13.7,6483.0,75.0,3/2/2011,3/2/2023,,,
213.0,2235,800000,93,16.45,24979.0,58.0,3/29/2011,12/29/2018,,,
172.0,6396,500000,165,17.78,25434.0,161.0,8/3/2011,5/3/2025,,,
237.0,5578,500000,162,11.03,12028.0,148.0,8/5/2010,2/5/2024,,,
59.0,1047,900000,114,10.86,19967.0,102.0,3/27/2011,9/27/2020,,,
240.0,2645,800000,171,11.41,21234.0,160.0,12/25/2011,3/25/2026,,,
24.0,9436,200000,105,10.67,4286.0,74.0,7/1/2017,4/1/2026,,,
70.0,3213,300000,129,14.53,9031.0,80.0,11/3/2019,8/3/2030,,,
263.0,3176,800000,18,14.91,51071.0,11.0,6/20/2019,12/20/2020,,,
154.0,7197,200000,150,15.37,7414.0,93.0,9/18/2013,3/18/2026,,,
129.0,2542,300000,72,12.58,8483.0,65.0,5/2/2017,5/2/2023,,,
167.0,7928,700000,138,14.16,21771.0,84.0,2/14/2016,8/14/2027,,,
221.0,4149,900000,15,9.15,65490.0,8.0,7/29/2014,10/29/2015,,,
131.0,7329,1000000,132,16.74,41576.0,103.0,3/12/2023,3/12/2034,,,
20.0,1003,900000,102,12.54,22704.0,87.0,11/4/2010,5/4/2019,,,
71.0,3238,500000,51,16.41,18004.0,48.0,3/11/2018,6/11/2022,,,
236.0,4789,800000,168,15.56,36065.0,121.0,2/21/2014,2/21/2028,,,
150.0,2357,200000,21,9.69,10447.0,18.0,7/5/2021,4/5/2023,,,
204.0,1346,900000,105,16.35,28786.0,98.0,10/17/2020,7/17/2029,,,
265.0,6262,200000,102,14.37,5740.0,72.0,10/14/2022,4/14/2031,,,
17.0,6710,900000,27,15.42,44406.0,16.0,9/13/2019,12/13/2021,,,
175.0,9935,600000,168,8.57,11292.0,99.0,11/26/2019,11/26/2033,,,
110.0,6784,600000,105,16.48,19363.0,64.0,6/22/2011,3/22/2020,,,
176.0,6552,700000,159,15.85,29809.0,141.0,10/4/2012,1/4/2026,,,
189.0,9132,700000,156,17.46,36353.0,124.0,4/23/2022,4/23/2035,,,
280.0,3564,400000,96,9.52,8625.0,71.0,7/27/2023,7/27/2031,,,
162.0,6266,500000,138,10.22,10567.0,105.0,11/9/2018,5/9/2030,,,
199.0,9252,800000,141,13.51,22869.0,81.0,5/5/2016,2/5/2028,,,
10.0,8696,500000,72,8.95,11615.0,51.0,8/3/2010,8/3/2016,,,
197.0,9462,600000,45,17.55,21657.0,25.0,6/14/2019,3/14/2023,,,
167.0,7483,700000,9,15.31,77778.0,9.0,9/20/2020,6/20/2021,,,
33.0,7638,1000000,114,16.7,35215.0,111.0,9/30/2016,3/30/2026,,,
173.0,9255,500000,51,10.06,14385.0,47.0,10/3/2019,1/3/2024,,,
182.0,5387,100000,93,17.46,3317.0,73.0,6/12/2018,3/12/2026,,,
56.0,2895,800000,69,17.65,26134.0,46.0,1/11/2018,10/11/2023,,,
218.0,7510,300000,75,12.24,7997.0,46.0,2/9/2022,5/9/2028,,,
80.0,9946,500000,21,12.53,26793.0,11.0,4/13/2018,1/13/2020,,,
28.0,4640,900000,153,15.77,34096.0,109.0,7/9/2013,4/9/2026,,,
2.0,3957,200000,84,14.34,6083.0,74.0,4/22/2012,4/22/2019,,,
160.0,3627,200000,177,12.65,5988.0,172.0,11/13/2010,8/13/2025,,,
188.0,6065,300000,96,14.96,9533.0,63.0,12/12/2013,12/12/2021,,,
101.0,2689,500000,27,17.68,25646.0,15.0,1/29/2016,4/29/2018,,,
235.0,2766,600000,117,15.46,18700.0,106.0,9/10/2020,6/10/2030,,,
265.0,9400,300000,9,12.04,33333.0,7.0,12/26/2015,9/26/2016,,,
187.0,8044,300000,63,14.47,9359.0,62.0,4/17/2018,7/17/2023,,,
92.0,7627,500000,6,13.11,83333.0,5.0,3/27/2014,9/27/2014,,,
78.0,1185,900000,24,13.11,47977.0,21.0,3/21/2022,3/21/2024,,,
159.0,1083,600000,162,16.94,28324.0,99.0,8/24/2017,2/24/2031,,,
70.0,9337,900000,162,16.62,40999.0,161.0,1/21/2018,7/21/2031,,,
43.0,2372,100000,3,16.2,33333.0,2.0,12/23/2018,3/23/2019,,,
152.0,1275,700000,162,17.01,33303.0,149.0,4/2/2016,10/2/2029,,,
286.0,5597,900000,84,10.95,22175.0,76.0,10/8/2014,10/8/2021,,,
22.0,1978,300000,42,8.44,9108.0,30.0,11/1/2014,5/1/2018,,,
63.0,1682,800000,33,8.97,28787.0,27.0,11/14/2022,8/14/2025,,,
295.0,2365,600000,69,11.72,15134.0,53.0,7/8/2017,4/8/2023,,,
123.0,8147,500000,165,8.23,8472.0,95.0,12/8/2013,9/8/2027,,,
73.0,4758,400000,141,15.39,13699.0,115.0,11/2/2022,8/2/2034,,,
273.0,3576,1000000,129,16.67,36224.0,74.0,5/29/2018,2/28/2029,,,
229.0,2050,100000,45,16.27,3493.0,27.0,12/8/2017,9/8/2021,,,
210.0,4690,100000,159,10.7,2358.0,133.0,9/10/2020,12/10/2033,,,
119.0,8906,800000,81,15.81,23828.0,61.0,1/12/2019,10/12/2025,,,
41.0,7058,500000,42,17.29,19209.0,32.0,6/27/2019,12/27/2022,,,
260.0,1309,300000,90,11.92,7332.0,82.0,2/17/2018,8/17/2025,,,
218.0,4058,500000,15,12.25,37417.0,11.0,6/13/2017,9/13/2018,,,
118.0,6492,700000,24,11.68,36378.0,15.0,11/28/2013,11/28/2015,,,
162.0,4662,200000,33,16.1,8169.0,18.0,12/22/2021,9/22/2024,,,
227.0,3949,1000000,144,17.93,50249.0,133.0,5/20/2019,5/20/2031,,,
68.0,9388,500000,15,10.21,36737.0,9.0,6/23/2013,9/23/2014,,,
279.0,1845,1000000,39,13.24,37234.0,28.0,9/26/2019,12/26/2022,,,
183.0,4824,900000,129,14.71,27521.0,112.0,7/16/2012,4/16/2023,,,
272.0,6647,100000,93,17.55,3335.0,75.0,5/11/2017,2/11/2025,,,
253.0,9937,200000,54,16.03,6713.0,42.0,1/10/2017,7/10/2021,,,
153.0,5618,400000,60,16.12,14075.0,42.0,9/28/2017,9/28/2022,,,
247.0,7130,900000,174,15.59,39317.0,99.0,11/6/2016,5/6/2031,,,
281.0,6727,100000,72,13.88,3029.0,56.0,1/14/2015,1/14/2021,,,
214.0,1732,200000,48,10.88,6298.0,37.0,7/20/2021,7/20/2025,,,
115.0,3063,900000,9,17.35,100000.0,6.0,3/31/2019,12/31/2019,,,
265.0,7756,400000,84,17.46,14690.0,76.0,9/10/2020,9/10/2027,,,
88.0,3955,800000,39,12.77,29418.0,21.0,8/8/2016,11/8/2019,,,
10.0,4534,900000,66,13.35,25516.0,61.0,6/22/2016,12/22/2021,,,
56.0,8802,400000,96,8.71,8127.0,90.0,12/1/2015,12/1/2023,,,
163.0,4590,900000,78,12.28,23119.0,49.0,2/28/2020,8/28/2026,,,
74.0,4978,100000,108,15.72,3445.0,71.0,6/6/2015,6/6/2024,,,
153.0,1817,400000,54,9.1,10495.0,28.0,2/13/2010,8/13/2014,,,
254.0,6327,600000,111,16.85,21953.0,75.0,2/18/2015,5/18/2024,,,
74.0,4645,600000,177,17.89,33951.0,109.0,8/22/2018,5/22/2033,,,
34.0,4211,400000,45,11.33,12265.0,27.0,4/12/2016,1/12/2020,,,
223.0,1264,100000,114,10.43,2142.0,60.0,6/30/2021,12/30/2030,,,
166.0,3521,300000,126,9.33,5810.0,65.0,11/30/2019,5/30/2030,,,
36.0,7295,300000,162,10.0,6393.0,118.0,11/7/2018,5/7/2032,,,
277.0,8054,200000,165,13.88,6567.0,90.0,11/23/2016,8/23/2030,,,
34.0,9719,500000,93,15.96,15158.0,84.0,5/28/2013,2/28/2021,,,
229.0,1908,1000000,90,11.35,23582.0,74.0,5/21/2018,11/21/2025,,,
51.0,6111,200000,51,17.94,7588.0,32.0,9/30/2018,12/30/2022,,,
288.0,2968,300000,78,8.21,6175.0,59.0,6/8/2017,12/8/2023,,,
142.0,6704,600000,162,16.02,25560.0,150.0,10/18/2014,4/18/2028,,,
236.0,4361,300000,42,13.01,10309.0,33.0,9/1/2014,3/1/2018,,,
29.0,7570,200000,42,13.36,6937.0,39.0,2/21/2010,8/21/2013,,,
112.0,3478,400000,18,16.18,25818.0,18.0,12/14/2017,6/14/2019,,,
173.0,7481,600000,129,11.22,13471.0,79.0,2/18/2013,11/18/2023,,,
40.0,5350,700000,111,12.5,18203.0,99.0,5/23/2012,8/23/2021,,,
27.0,7093,900000,147,11.84,23447.0,144.0,1/23/2018,4/23/2030,,,
204.0,6857,700000,18,9.26,42490.0,14.0,12/25/2021,6/25/2023,,,
287.0,6309,800000,75,15.08,24776.0,51.0,8/8/2015,11/8/2021,,,
258.0,8660,700000,156,13.66,23707.0,113.0,3/5/2022,3/5/2035,,,
7.0,4160,300000,105,12.35,7253.0,53.0,5/27/2014,2/27/2023,,,
110.0,8192,500000,132,14.45,16717.0,88.0,11/27/2013,11/27/2024,,,
165.0,3272,100000,156,17.95,5482.0,113.0,3/31/2022,3/31/2035,,,
292.0,5021,600000,102,17.25,21011.0,55.0,9/28/2010,3/28/2019,,,
186.0,7956,600000,123,10.16,12838.0,120.0,7/24/2020,10/24/2030,,,
277.0,2577,300000,3,9.96,100000.0,2.0,10/12/2011,1/12/2012,,,
114.0,1926,900000,141,12.46,23227.0,76.0,5/21/2019,2/21/2031,,,
137.0,3761,800000,69,10.53,19127.0,65.0,1/1/2022,10/1/2027,,,
239.0,5600,400000,108,16.29,14405.0,62.0,12/5/2014,12/5/2023,,,
102.0,4895,200000,42,12.7,6816.0,40.0,12/23/2011,6/23/2015,,,
19.0,7075,900000,162,12.41,25421.0,151.0,8/6/2017,2/6/2031,,,
24.0,8451,400000,24,13.42,21440.0,23.0,7/21/2013,7/21/2015,,,
292.0,3144,700000,21,8.25,36083.0,19.0,6/28/2015,3/28/2017,,,
179.0,2290,600000,84,9.0,13057.0,45.0,7/13/2014,7/13/2021,,,
260.0,1670,700000,141,9.49,13459.0,111.0,9/9/2020,6/9/2032,,,
71.0,3826,900000,171,9.17,17976.0,111.0,6/5/2020,9/5/2034,,,
300.0,9268,600000,162,14.34,21145.0,132.0,8/30/2012,2/28/2026,,,
138.0,1944,400000,99,9.64,8437.0,78.0,5/5/2013,8/5/2021,,,
76.0,6597,500000,48,8.44,14404.0,48.0,6/7/2017,6/7/2021,,,
21.0,4273,900000,39,11.65,32118.0,25.0,2/14/2018,5/14/2021,,,
294.0,4554,200000,156,9.3,4073.0,96.0,4/17/2020,4/17/2033,,,
32.0,6627,400000,111,9.25,7990.0,62.0,6/26/2023,9/26/2032,,,
68.0,1579,300000,120,8.47,5637.0,106.0,4/23/2010,4/23/2020,,,
186.0,2797,500000,144,10.88,11991.0,85.0,4/25/2022,4/25/2034,,,
83.0,5268,900000,147,8.85,16938.0,96.0,1/3/2021,4/3/2033,,,
167.0,4359,600000,9,17.71,66667.0,6.0,10/5/2016,7/5/2017,,,
81.0,1909,200000,135,8.7,3709.0,91.0,4/6/2018,7/6/2029,,,
240.0,1065,400000,3,16.17,133333.0,3.0,10/1/2014,1/1/2015,,,
106.0,7599,700000,63,14.6,21962.0,42.0,4/2/2014,7/2/2019,,,
37.0,2977,700000,111,15.58,23212.0,64.0,7/25/2012,10/25/2021,,,
19.0,7613,900000,171,12.67,27962.0,141.0,7/27/2017,10/27/2031,,,
203.0,8862,500000,63,14.74,15784.0,35.0,4/19/2019,7/19/2024,,,
293.0,5188,1000000,123,10.29,21650.0,69.0,8/9/2018,11/9/2028,,,
72.0,1127,400000,147,14.06,13193.0,79.0,8/28/2019,11/28/2031,,,
171.0,2313,600000,114,12.6,15314.0,107.0,2/17/2010,8/17/2019,,,
82.0,4274,700000,96,11.3,17171.0,81.0,4/28/2012,4/28/2020,,,
192.0,1862,200000,6,14.63,33333.0,6.0,6/25/2018,12/25/2018,,,
73.0,7029,800000,93,15.91,24180.0,55.0,4/20/2013,1/20/2021,,,
236.0,5686,500000,48,10.73,15660.0,47.0,4/24/2019,4/24/2023,,,
10.0,6109,600000,138,13.76,17954.0,82.0,6/30/2017,12/30/2028,,,
169.0,1304,500000,84,8.54,10564.0,51.0,8/24/2017,8/24/2024,,,
204.0,1560,400000,69,8.34,8653.0,69.0,4/13/2019,1/13/2025,,,
68.0,4420,800000,108,13.76,23636.0,89.0,4/17/2020,4/17/2029,,,
49.0,3450,200000,123,16.61,7559.0,71.0,4/30/2011,7/30/2021,,,
264.0,1253,400000,57,16.88,13096.0,51.0,11/30/2019,8/30/2024,,,
74.0,3767,400000,81,15.12,11494.0,52.0,9/8/2017,6/8/2024,,,
153.0,5284,700000,60,11.71,20296.0,50.0,6/15/2016,6/15/2021,,,
95.0,8264,500000,165,15.57,19883.0,92.0,9/6/2015,6/6/2029,,,
163.0,7053,900000,159,17.17,44408.0,113.0,9/25/2019,12/25/2032,,,
295.0,1412,1000000,18,16.21,64561.0,15.0,10/22/2020,4/22/2022,,,
9.0,8907,700000,111,16.51,24948.0,83.0,1/21/2017,4/21/2026,,,
264.0,5624,700000,72,8.42,15791.0,50.0,11/30/2017,11/30/2023,,,
90.0,9383,800000,87,11.41,19590.0,80.0,8/28/2014,11/28/2021,,,
184.0,6726,1000000,27,11.78,46277.0,24.0,3/27/2018,6/27/2020,,,
105.0,6043,200000,111,12.72,5293.0,93.0,3/27/2021,6/27/2030,,,
292.0,2730,900000,102,10.68,19870.0,59.0,7/3/2021,1/3/2030,,,
222.0,5257,900000,18,9.09,54545.0,9.0,7/15/2010,1/15/2012,,,
281.0,5236,600000,66,12.27,16215.0,41.0,2/8/2020,8/8/2025,,,
36.0,7598,800000,84,10.94,19698.0,51.0,6/12/2016,6/12/2023,,,
109.0,6168,500000,141,11.74,12024.0,75.0,8/20/2013,5/20/2025,,,
215.0,7062,900000,117,10.15,18362.0,91.0,10/24/2020,7/24/2030,,,
29.0,4475,500000,156,12.67,15113.0,87.0,11/21/2011,11/21/2024,,,
13.0,9609,700000,9,10.32,77778.0,7.0,9/28/2016,6/28/2017,,,
109.0,1079,500000,177,15.4,20984.0,94.0,7/8/2010,4/8/2025,,,
26.0,9164,100000,123,15.65,3480.0,89.0,5/15/2022,8/15/2032,,,
254.0,1947,1000000,111,13.73,28678.0,90.0,2/29/2012,5/29/2021,,,
213.0,2729,400000,114,12.43,10072.0,105.0,7/2/2020,1/2/2030,,,
30.0,7768,600000,33,9.52,21808.0,33.0,5/26/2012,2/26/2015,,,
175.0,3893,900000,3,16.65,300000.0,3.0,7/14/2014,10/14/2014,,,
278.0,6656,300000,168,16.59,15313.0,92.0,6/10/2011,6/10/2025,,,
244.0,8216,800000,153,11.25,18793.0,101.0,9/13/2019,6/13/2032,,,
117.0,8974,1000000,39,17.0,41067.0,31.0,6/12/2023,9/12/2026,,,
105.0,9490,400000,108,15.67,13728.0,85.0,6/24/2017,6/24/2026,,,
14.0,2941,600000,129,8.11,10144.0,77.0,8/14/2013,5/14/2024,,,
124.0,7166,200000,123,9.54,4044.0,80.0,5/3/2010,8/3/2020,,,
200.0,6897,900000,144,15.69,35928.0,73.0,9/24/2017,9/24/2029,,,
7.0,6538,900000,69,17.48,29189.0,39.0,3/6/2020,12/6/2025,,,
246.0,7498,200000,174,12.97,6338.0,129.0,10/20/2020,4/20/2035,,,
270.0,5663,200000,111,10.91,4576.0,97.0,7/4/2012,10/4/2021,,,
72.0,8425,600000,72,15.57,19856.0,48.0,6/15/2012,6/15/2018,,,
100.0,6916,100000,48,16.5,3838.0,45.0,7/22/2018,7/22/2022,,,
9.0,6619,700000,156,10.4,16239.0,119.0,6/23/2011,6/23/2024,,,
29.0,9617,400000,129,8.41,6953.0,76.0,1/18/2017,10/18/2027,,,
113.0,5797,300000,54,13.47,9210.0,42.0,4/25/2017,10/25/2021,,,
35.0,3279,800000,138,13.77,23962.0,79.0,5/19/2022,11/19/2033,,,
104.0,1551,400000,18,12.66,25036.0,12.0,1/15/2016,7/15/2017,,,
50.0,1535,200000,108,11.85,5074.0,86.0,4/16/2017,4/16/2026,,,
92.0,2293,500000,168,16.42,25006.0,142.0,12/21/2022,12/21/2036,,,
94.0,2499,900000,9,11.93,100000.0,9.0,9/16/2015,6/16/2016,,,
118.0,3606,400000,150,10.93,9259.0,139.0,8/29/2019,2/29/2032,,,
117.0,7543,800000,141,9.45,15319.0,113.0,7/21/2015,4/21/2027,,,
167.0,3342,300000,114,10.85,6650.0,63.0,12/13/2019,6/13/2029,,,
286.0,8709,1000000,177,11.28,25227.0,129.0,8/18/2011,5/18/2026,,,
249.0,5890,300000,60,14.02,9636.0,50.0,2/4/2019,2/4/2024,,,
290.0,5848,400000,87,10.7,9366.0,70.0,1/29/2018,4/29/2025,,,
10.0,7638,800000,93,12.92,20137.0,58.0,3/20/2012,12/20/2019,,,
261.0,2828,400000,96,13.9,11803.0,58.0,1/5/2010,1/5/2018,,,
98.0,7547,300000,75,11.69,7765.0,43.0,1/23/2014,4/23/2020,,,
277.0,7953,500000,6,8.84,83333.0,5.0,4/20/2018,10/20/2018,,,
100.0,8274,900000,48,16.13,34102.0,43.0,9/1/2019,9/1/2023,,,
96.0,3221,300000,111,10.31,6536.0,61.0,1/28/2014,4/28/2023,,,
250.0,8485,800000,27,8.44,34842.0,22.0,6/7/2010,9/7/2012,,,
17.0,7009,1000000,66,10.36,24804.0,35.0,12/2/2016,6/2/2022,,,
76.0,7052,500000,174,17.81,28508.0,162.0,10/27/2015,4/27/2030,,,
58.0,9342,200000,36,10.61,7518.0,33.0,3/29/2022,3/29/2025,,,
173.0,4526,500000,171,16.35,24361.0,98.0,7/9/2015,10/9/2029,,,
294.0,5842,500000,99,16.32,16927.0,71.0,9/26/2016,12/26/2024,,,
258.0,2352,400000,129,13.07,10591.0,123.0,9/21/2017,6/21/2028,,,
47.0,6430,600000,114,14.08,17224.0,66.0,12/13/2021,6/13/2031,,,
204.0,9177,700000,90,11.83,17012.0,45.0,10/1/2016,4/1/2024,,,
112.0,5494,500000,57,14.22,14930.0,42.0,6/28/2012,3/28/2017,,,
205.0,9584,300000,21,10.81,15830.0,20.0,9/6/2016,6/6/2018,,,
45.0,1558,200000,12,8.3,18050.0,9.0,8/2/2014,8/2/2015,,,
149.0,7635,700000,111,15.24,22605.0,62.0,5/7/2010,8/7/2019,,,
108.0,5500,600000,117,10.32,12412.0,104.0,8/26/2022,5/26/2032,,,
172.0,3236,700000,153,11.2,16356.0,134.0,6/17/2010,3/17/2023,,,
248.0,5591,700000,33,8.22,24843.0,31.0,7/5/2013,4/5/2016,,,
98.0,3104,300000,39,14.24,11469.0,32.0,6/13/2021,9/13/2024,,,
221.0,8089,800000,102,16.96,27466.0,94.0,11/16/2015,5/16/2024,,,
182.0,7334,400000,39,8.81,13213.0,28.0,6/1/2015,9/1/2018,,,
174.0,1060,300000,36,9.94,11074.0,22.0,1/30/2012,1/30/2015,,,
229.0,2842,200000,57,12.47,5614.0,47.0,10/8/2014,7/8/2019,,,
207.0,4112,300000,129,13.66,8368.0,116.0,1/8/2017,10/8/2027,,,
48.0,4430,300000,30,17.64,13839.0,19.0,6/9/2019,12/9/2021,,,
201.0,8664,700000,147,11.23,17078.0,110.0,2/14/2022,5/14/2034,,,
245.0,6380,600000,15,14.76,45904.0,9.0,10/1/2020,1/1/2022,,,
139.0,3353,500000,135,11.98,12858.0,101.0,4/8/2019,7/8/2030,,,
70.0,8478,1000000,171,17.8,57948.0,158.0,11/24/2019,2/24/2034,,,
295.0,2017,600000,141,11.46,14036.0,111.0,8/4/2015,5/4/2027,,,
254.0,2582,1000000,51,11.83,30666.0,27.0,6/14/2018,9/14/2022,,,
92.0,1793,100000,165,13.59,3176.0,123.0,8/20/2020,5/20/2034,,,
257.0,3583,500000,96,11.96,12859.0,92.0,5/8/2011,5/8/2019,,,
208.0,9843,200000,147,12.04,5323.0,137.0,7/10/2018,10/10/2030,,,
158.0,3234,700000,123,8.68,13082.0,115.0,4/15/2014,7/15/2024,,,
198.0,6183,500000,63,8.64,12011.0,36.0,12/23/2016,3/23/2022,,,
268.0,8961,300000,180,10.7,7657.0,134.0,9/12/2022,9/12/2037,,,
259.0,1611,700000,117,10.31,14469.0,62.0,8/10/2011,5/10/2021,,,
199.0,1072,600000,21,15.11,32889.0,13.0,3/8/2022,12/8/2023,,,
35.0,8684,300000,84,17.03,10738.0,57.0,11/21/2018,11/21/2025,,,
127.0,1116,400000,54,11.17,11314.0,36.0,4/30/2010,10/30/2014,,,
220.0,7158,900000,141,9.76,17779.0,98.0,10/26/2017,7/26/2029,,,
269.0,1153,200000,93,12.07,4775.0,86.0,5/16/2012,2/16/2020,,,
224.0,4290,300000,15,12.3,22460.0,14.0,8/28/2019,11/28/2020,,,
136.0,1198,900000,147,14.82,32147.0,98.0,5/3/2013,8/3/2025,,,
152.0,9847,200000,168,15.36,8800.0,108.0,9/13/2016,9/13/2030,,,
50.0,5200,900000,24,8.83,44415.0,24.0,11/28/2015,11/28/2017,,,
126.0,5368,100000,108,15.75,3454.0,72.0,6/28/2012,6/28/2021,,,
135.0,5637,300000,123,9.53,6061.0,100.0,1/29/2016,4/29/2026,,,
95.0,8715,500000,159,10.44,11434.0,128.0,5/24/2011,8/24/2024,,,
244.0,2696,1000000,63,17.54,35611.0,62.0,8/14/2015,11/14/2020,,,
48.0,9623,100000,51,15.95,3544.0,28.0,11/1/2021,2/1/2026,,,
86.0,6575,300000,96,14.63,9316.0,48.0,6/14/2010,6/14/2018,,,
94.0,3888,900000,108,15.75,31082.0,75.0,8/28/2017,8/28/2026,,,
255.0,1800,200000,171,10.25,4585.0,109.0,2/10/2023,5/10/2037,,,
247.0,2120,600000,135,13.16,17316.0,83.0,11/24/2013,2/24/2025,,,
300.0,6414,800000,84,11.51,20418.0,52.0,9/28/2022,9/28/2029,,,
209.0,4196,600000,75,10.5,14563.0,58.0,11/3/2016,2/3/2023,,,
27.0,3173,100000,180,8.2,1812.0,101.0,11/24/2016,11/24/2031,,,
123.0,7482,700000,153,9.45,13521.0,152.0,8/18/2020,5/18/2033,,,
264.0,8219,900000,108,16.0,31691.0,83.0,5/9/2013,5/9/2022,,,
237.0,3807,100000,174,8.65,1836.0,171.0,8/27/2017,2/27/2032,,,
32.0,6546,800000,105,9.45,15690.0,60.0,1/28/2014,10/28/2022,,,
16.0,6181,400000,114,16.19,13542.0,111.0,12/3/2012,6/3/2022,,,
230.0,4989,200000,138,17.82,8802.0,133.0,2/21/2018,8/21/2029,,,
52.0,9676,900000,174,16.87,45871.0,128.0,5/9/2019,11/9/2033,,,
53.0,4151,300000,84,9.83,6885.0,52.0,11/26/2010,11/26/2017,,,
250.0,3089,700000,144,15.72,28031.0,119.0,1/19/2012,1/19/2024,,,
14.0,8279,700000,33,16.32,28701.0,33.0,2/6/2015,11/6/2017,,,
41.0,7930,500000,153,16.52,20468.0,132.0,9/28/2022,6/28/2035,,,
290.0,6558,100000,153,16.38,4035.0,94.0,2/20/2016,11/20/2028,,,
198.0,1107,1000000,18,11.61,62006.0,9.0,11/23/2012,5/23/2014,,,
122.0,6175,1000000,141,16.89,39476.0,104.0,12/28/2017,9/28/2029,,,
45.0,3789,1000000,132,15.43,36722.0,120.0,9/6/2021,9/6/2032,,,
41.0,2992,700000,87,11.8,17566.0,57.0,8/12/2022,11/12/2029,,,
119.0,7532,800000,60,13.2,24784.0,36.0,9/10/2016,9/10/2021,,,
114.0,9410,100000,168,10.33,2357.0,154.0,12/26/2010,12/26/2024,,,
102.0,1631,900000,66,9.17,21145.0,61.0,5/28/2023,11/28/2028,,,
216.0,6543,800000,171,16.38,39119.0,125.0,7/18/2012,10/18/2026,,,
184.0,5623,100000,99,15.47,3192.0,65.0,11/18/2013,2/18/2022,,,
290.0,5695,300000,174,13.14,9710.0,163.0,10/25/2022,4/25/2037,,,
289.0,1184,500000,81,11.37,11779.0,63.0,4/8/2016,1/8/2023,,,
144.0,2743,700000,72,12.25,19448.0,42.0,8/13/2010,8/13/2016,,,
159.0,8695,100000,168,8.1,1771.0,118.0,8/23/2013,8/23/2027,,,
8.0,2520,1000000,99,16.19,33552.0,50.0,10/25/2013,1/25/2022,,,
236.0,5692,800000,177,9.66,16436.0,106.0,11/16/2021,8/16/2036,,,
270.0,3109,200000,165,13.77,6485.0,115.0,12/25/2010,9/25/2024,,,
224.0,6703,900000,171,16.74,45954.0,134.0,7/12/2014,10/12/2028,,,
23.0,4585,200000,42,10.15,6364.0,25.0,8/5/2017,2/5/2021,,,
8.0,6045,600000,21,17.86,33674.0,21.0,12/31/2021,9/30/2023,,,
198.0,6063,900000,132,10.95,21383.0,132.0,5/14/2021,5/14/2032,,,
111.0,6647,500000,105,17.99,17887.0,53.0,2/13/2020,11/13/2028,,,
241.0,3163,100000,153,12.07,2566.0,124.0,4/13/2023,1/13/2036,,,
61.0,4231,700000,3,16.24,233333.0,2.0,8/3/2012,11/3/2012,,,
47.0,3212,900000,48,12.26,29778.0,35.0,9/1/2022,9/1/2026,,,
53.0,4774,500000,162,9.25,9748.0,123.0,9/1/2011,3/1/2025,,,
36.0,9338,500000,123,9.76,10316.0,86.0,10/15/2022,1/15/2033,,,
122.0,1511,200000,150,11.22,4777.0,110.0,5/18/2023,11/18/2035,,,
83.0,9976,800000,60,17.54,29913.0,60.0,4/8/2023,4/8/2028,,,
81.0,7008,300000,165,11.54,7520.0,97.0,5/29/2019,2/28/2033,,,
137.0,9076,800000,159,13.57,26310.0,132.0,1/31/2017,4/30/2030,,,
152.0,4504,900000,54,12.09,26310.0,46.0,7/18/2020,1/18/2025,,,
188.0,2880,500000,60,12.68,15137.0,41.0,11/19/2013,11/19/2018,,,
238.0,8874,1000000,6,16.47,166667.0,5.0,7/13/2023,1/13/2024,,,
36.0,5768,100000,48,9.1,2952.0,34.0,12/5/2012,12/5/2016,,,
230.0,7603,200000,120,15.72,7177.0,78.0,2/28/2021,2/28/2031,,,
162.0,9367,900000,57,17.8,30405.0,54.0,3/29/2018,12/29/2022,,,
161.0,8750,300000,18,9.18,18197.0,18.0,1/6/2022,7/6/2023,,,
94.0,6611,1000000,36,9.92,36892.0,29.0,5/10/2015,5/10/2018,,,
269.0,7477,200000,48,12.11,6582.0,28.0,2/22/2023,2/22/2027,,,
99.0,7022,700000,171,14.3,26592.0,93.0,4/25/2012,7/25/2026,,,
120.0,3015,400000,66,14.11,11726.0,39.0,10/22/2022,4/22/2028,,,
77.0,9688,500000,60,8.5,12530.0,50.0,9/4/2016,9/4/2021,,,
75.0,2066,700000,111,17.74,27422.0,66.0,5/3/2013,8/3/2022,,,
271.0,4297,200000,48,10.12,6127.0,47.0,5/20/2018,5/20/2022,,,
246.0,9836,600000,90,9.44,12535.0,58.0,9/9/2012,3/9/2020,,,
234.0,8225,700000,129,9.83,13859.0,115.0,10/11/2010,7/11/2021,,,
205.0,3695,700000,84,10.06,16301.0,60.0,5/31/2013,5/31/2020,,,
12.0,8588,500000,81,17.96,16630.0,71.0,7/20/2017,4/20/2024,,,
59.0,7524,600000,30,17.3,27519.0,26.0,4/24/2021,10/24/2023,,,
284.0,1485,500000,105,10.83,10840.0,94.0,10/30/2016,7/30/2025,,,
275.0,6638,900000,150,13.97,28816.0,139.0,8/29/2022,2/28/2035,,,
22.0,3319,300000,180,11.64,8693.0,143.0,7/12/2019,7/12/2034,,,
35.0,5872,600000,165,10.5,13316.0,161.0,9/17/2013,6/17/2027,,,
100.0,2290,400000,21,17.98,22472.0,21.0,9/2/2019,6/2/2021,,,
251.0,9370,100000,9,9.16,11111.0,7.0,10/11/2022,7/11/2023,,,
166.0,4615,900000,15,12.03,67218.0,11.0,9/22/2018,12/22/2019,,,
73.0,2683,200000,51,9.77,5694.0,32.0,5/13/2013,8/13/2017,,,
45.0,1884,500000,27,17.73,25667.0,27.0,1/15/2021,4/15/2023,,,
154.0,1130,100000,75,16.5,3333.0,45.0,3/11/2010,6/11/2016,,,
30.0,8331,1000000,171,17.88,58501.0,91.0,12/24/2012,3/24/2027,,,
5.0,4521,200000,180,8.83,3954.0,100.0,3/2/2017,3/2/2032,,,
115.0,3591,700000,78,8.35,14520.0,58.0,8/3/2015,2/3/2022,,,
110.0,7005,500000,54,16.21,16887.0,41.0,7/9/2018,1/9/2023,,,
121.0,7007,800000,33,15.58,32385.0,31.0,12/9/2013,9/9/2016,,,
275.0,2261,500000,162,14.51,17965.0,128.0,6/13/2010,12/13/2023,,,
178.0,4899,600000,12,10.72,55360.0,9.0,8/8/2010,8/8/2011,,,
215.0,2257,900000,87,11.63,22345.0,75.0,11/29/2018,2/28/2026,,,
39.0,1924,600000,84,15.11,19128.0,84.0,1/5/2013,1/5/2020,,,
41.0,8954,800000,117,15.91,25822.0,100.0,6/10/2012,3/10/2022,,,
133.0,3171,400000,27,11.5,18418.0,22.0,7/2/2022,10/2/2024,,,
107.0,8097,600000,78,15.44,18205.0,46.0,10/31/2016,4/30/2023,,,
85.0,4795,500000,129,14.06,14445.0,120.0,8/14/2023,5/14/2034,,,
32.0,8353,900000,78,13.94,25247.0,75.0,1/2/2019,7/2/2025,,,
28.0,9357,100000,54,12.09,2923.0,27.0,5/27/2019,11/27/2023,,,
238.0,6885,600000,105,11.6,13749.0,99.0,7/23/2020,4/23/2029,,,
252.0,4476,300000,138,14.61,9743.0,122.0,9/2/2021,3/2/2033,,,
288.0,8668,500000,45,8.01,14001.0,34.0,9/19/2016,6/19/2020,,,
53.0,7408,800000,45,14.86,26939.0,40.0,12/24/2015,9/24/2019,,,
214.0,4707,300000,138,12.96,8306.0,116.0,8/7/2017,2/7/2029,,,
126.0,9526,400000,84,11.59,10260.0,43.0,12/5/2016,12/5/2023,,,
240.0,9555,1000000,18,9.75,60972.0,15.0,1/31/2012,7/31/2013,,,
269.0,4872,600000,174,9.64,12507.0,107.0,3/2/2016,9/2/2030,,,
223.0,7953,900000,120,14.73,29637.0,116.0,11/21/2014,11/21/2024,,,
251.0,9518,400000,105,15.42,11998.0,81.0,1/25/2021,10/25/2029,,,
117.0,5074,200000,24,8.15,9747.0,18.0,10/27/2021,10/27/2023,,,
59.0,4987,700000,21,11.4,37133.0,18.0,8/3/2010,5/3/2012,,,
116.0,9450,900000,162,9.2,17443.0,156.0,3/18/2013,9/18/2026,,,
203.0,9071,800000,114,13.39,21745.0,81.0,4/13/2021,10/13/2030,,,
46.0,4085,1000000,120,8.09,18142.0,109.0,10/18/2020,10/18/2030,,,
102.0,5088,200000,177,12.6,5951.0,106.0,7/11/2013,4/11/2028,,,
27.0,5118,200000,168,11.86,5717.0,108.0,2/17/2018,2/17/2032,,,
221.0,1785,900000,165,15.0,33561.0,85.0,1/10/2021,10/10/2034,,,
93.0,9833,600000,84,11.4,15208.0,61.0,5/25/2023,5/25/2030,,,
232.0,9446,400000,141,17.55,16799.0,131.0,7/4/2017,4/4/2029,,,
144.0,4014,700000,132,8.06,12441.0,127.0,9/20/2022,9/20/2033,,,
93.0,8459,900000,33,12.78,34689.0,23.0,6/18/2016,3/18/2019,,,
3.0,1313,100000,132,17.74,4567.0,113.0,11/24/2019,11/24/2030,,,
68.0,8404,400000,162,17.36,19784.0,103.0,2/12/2011,8/12/2024,,,
247.0,4321,300000,132,16.32,11988.0,112.0,8/8/2015,8/8/2026,,,
67.0,7099,800000,153,15.74,30213.0,79.0,2/12/2018,11/12/2030,,,
161.0,1824,700000,174,17.62,39020.0,151.0,2/21/2012,8/21/2026,,,
104.0,8193,900000,33,11.21,33730.0,23.0,11/19/2013,8/19/2016,,,
257.0,8769,200000,117,17.53,7314.0,70.0,12/7/2022,9/7/2032,,,
263.0,8771,700000,126,8.19,12207.0,77.0,10/29/2016,4/29/2027,,,
101.0,5594,300000,45,16.11,10436.0,31.0,4/7/2019,1/7/2023,,,
204.0,8630,500000,36,16.37,21887.0,30.0,2/4/2023,2/4/2026,,,
181.0,8093,800000,162,12.28,22259.0,144.0,11/30/2012,5/30/2026,,,
295.0,6525,800000,57,12.03,22108.0,49.0,12/15/2021,9/15/2026,,,
135.0,4370,900000,45,11.06,27397.0,40.0,7/14/2018,4/14/2022,,,
79.0,1908,200000,129,16.99,7446.0,107.0,3/5/2019,12/5/2029,,,
228.0,8915,300000,132,17.56,13471.0,117.0,7/27/2013,7/27/2024,,,
176.0,1955,800000,144,10.6,18612.0,118.0,3/22/2016,3/22/2028,,,
241.0,5997,400000,114,11.63,9445.0,94.0,4/14/2023,10/14/2032,,,
243.0,2489,900000,6,12.6,150000.0,6.0,12/22/2014,6/22/2015,,,
101.0,9147,600000,6,14.68,100000.0,4.0,11/22/2020,5/22/2021,,,
248.0,2839,400000,180,9.64,8837.0,149.0,12/17/2020,12/17/2035,,,
1.0,7798,900000,138,17.92,39978.0,86.0,11/8/2021,5/8/2033,,,
22.0,5977,800000,144,14.14,27163.0,93.0,5/25/2018,5/25/2030,,,
153.0,7574,300000,159,17.95,16136.0,147.0,10/26/2010,1/26/2024,,,
147.0,8122,600000,105,9.75,12028.0,83.0,10/28/2020,7/28/2029,,,
117.0,8581,900000,54,13.06,27232.0,49.0,9/4/2019,3/4/2024,,,
56.0,5371,900000,75,12.45,24263.0,61.0,11/18/2022,2/18/2029,,,
55.0,8850,600000,36,16.19,26143.0,18.0,10/8/2010,10/8/2013,,,
229.0,9856,500000,147,9.02,9588.0,113.0,9/3/2019,12/3/2031,,,
140.0,6102,500000,66,16.25,16084.0,64.0,10/3/2017,4/3/2023,,,
174.0,9954,900000,150,8.42,15829.0,144.0,2/17/2016,8/17/2028,,,
93.0,3089,100000,123,10.22,2151.0,102.0,3/11/2013,6/11/2023,,,
8.0,6693,500000,54,11.56,14342.0,53.0,5/15/2013,11/15/2017,,,
166.0,7840,400000,63,14.75,12632.0,44.0,1/28/2020,4/28/2025,,,
177.0,6195,300000,99,9.32,6181.0,87.0,6/7/2018,9/7/2026,,,
296.0,3430,900000,90,10.95,20696.0,83.0,4/6/2010,10/6/2017,,,
187.0,2978,200000,147,16.84,8807.0,78.0,11/12/2014,2/12/2027,,,
266.0,3015,500000,81,10.42,11188.0,41.0,10/12/2021,7/12/2028,,,
174.0,8752,200000,78,9.62,4449.0,71.0,9/9/2013,3/9/2020,,,
228.0,4873,600000,147,11.32,14781.0,105.0,5/20/2014,8/20/2026,,,
88.0,6330,800000,174,13.01,25479.0,134.0,7/21/2013,1/21/2028,,,
300.0,4873,700000,45,13.75,22895.0,31.0,12/6/2013,9/6/2017,,,
83.0,5904,300000,3,14.2,100000.0,2.0,8/12/2020,11/12/2020,,,
164.0,6625,600000,90,9.23,12368.0,67.0,7/12/2021,1/12/2029,,,
84.0,4567,600000,141,14.89,19590.0,98.0,3/4/2022,12/4/2033,,,
200.0,6268,900000,180,16.35,48469.0,91.0,6/6/2011,6/6/2026,,,
240.0,1003,400000,75,16.93,13632.0,66.0,5/4/2011,8/4/2017,,,
127.0,1565,200000,63,8.12,4691.0,49.0,2/23/2023,5/23/2028,,,
186.0,9748,300000,120,15.09,10193.0,74.0,12/14/2016,12/14/2026,,,
249.0,9829,400000,87,8.76,8276.0,69.0,8/17/2013,11/17/2020,,,
239.0,3632,900000,165,14.63,32184.0,138.0,2/12/2017,11/12/2030,,,
281.0,2710,1000000,84,9.13,21945.0,71.0,9/23/2011,9/23/2018,,,
29.0,6801,400000,33,17.89,16846.0,19.0,6/25/2013,3/25/2016,,,
142.0,5200,600000,162,11.7,15607.0,141.0,7/3/2014,1/3/2028,,,
238.0,6066,200000,75,9.12,4502.0,38.0,8/11/2018,11/11/2024,,,
44.0,1957,500000,123,12.17,12818.0,78.0,12/7/2020,3/7/2031,,,
161.0,1635,400000,180,14.49,16916.0,104.0,2/16/2021,2/16/2036,,,
91.0,8579,900000,75,12.41,24211.0,53.0,5/11/2010,8/11/2016,,,
63.0,8216,200000,165,10.78,4587.0,153.0,3/19/2023,12/19/2036,,,
107.0,8848,600000,141,12.2,15096.0,135.0,3/14/2020,12/14/2031,,,
60.0,4729,200000,39,11.52,7113.0,23.0,10/27/2022,1/27/2026,,,
53.0,9735,600000,108,8.39,11472.0,95.0,8/20/2015,8/20/2024,,,
87.0,7029,200000,93,9.8,4138.0,71.0,7/29/2015,4/29/2023,,,
182.0,4130,400000,180,8.93,8017.0,144.0,1/19/2022,1/19/2037,,,
240.0,8295,800000,81,13.11,20683.0,54.0,10/18/2018,7/18/2025,,,
15.0,8768,300000,138,11.02,6865.0,130.0,8/4/2013,2/4/2025,,,
167.0,7408,900000,69,15.63,26962.0,48.0,2/15/2022,11/15/2027,,,
177.0,8895,800000,144,13.7,25933.0,85.0,8/30/2023,8/30/2035,,,
69.0,3515,100000,105,17.06,3358.0,92.0,6/13/2021,3/13/2030,,,
14.0,5592,800000,99,13.19,21773.0,87.0,4/4/2010,7/4/2018,,,
141.0,4446,700000,66,13.21,19723.0,49.0,10/31/2013,4/30/2019,,,
104.0,1261,700000,75,17.56,24637.0,56.0,6/1/2011,9/1/2017,,,
18.0,6113,700000,51,11.26,21032.0,31.0,9/1/2016,12/1/2020,,,
198.0,8932,600000,30,17.81,27758.0,19.0,10/10/2022,4/10/2025,,,
170.0,2589,900000,180,13.27,32411.0,165.0,7/1/2010,7/1/2025,,,
291.0,3914,800000,159,9.07,15555.0,123.0,12/8/2012,3/8/2026,,,
265.0,1325,300000,6,12.48,50000.0,6.0,5/7/2015,11/7/2015,,,
160.0,7211,400000,135,14.79,13510.0,103.0,8/9/2012,11/9/2023,,,
119.0,4022,100000,87,13.2,2738.0,54.0,5/18/2011,8/18/2018,,,
236.0,9666,400000,141,15.45,13778.0,121.0,10/12/2017,7/12/2029,,,
22.0,4820,800000,33,12.22,30529.0,20.0,10/2/2018,7/2/2021,,,
15.0,6202,400000,111,13.3,11087.0,104.0,6/21/2020,9/21/2029,,,
220.0,9627,200000,72,12.19,5539.0,42.0,7/1/2014,7/1/2020,,,
53.0,3540,100000,69,17.21,3206.0,43.0,4/29/2016,1/29/2022,,,
74.0,3373,500000,120,8.42,9352.0,86.0,9/16/2022,9/16/2032,,,
51.0,3588,600000,57,8.27,14465.0,34.0,2/6/2016,11/6/2020,,,
81.0,9493,500000,51,8.37,13522.0,32.0,1/29/2018,4/29/2022,,,
59.0,6644,500000,30,8.68,19686.0,16.0,10/20/2019,4/20/2022,,,
235.0,4621,100000,99,14.51,2986.0,67.0,5/16/2012,8/16/2020,,,
34.0,2809,600000,12,12.52,56260.0,12.0,6/7/2014,6/7/2015,,,
45.0,2946,500000,111,13.19,13738.0,76.0,12/24/2020,3/24/2030,,,
182.0,3026,300000,84,15.48,9781.0,69.0,7/14/2022,7/14/2029,,,
132.0,7507,800000,63,13.01,23406.0,39.0,2/13/2018,5/13/2023,,,
272.0,7825,300000,114,9.0,5716.0,100.0,1/6/2016,7/6/2025,,,
155.0,3261,100000,27,14.37,4845.0,23.0,7/17/2022,10/17/2024,,,
277.0,1718,500000,147,13.17,15012.0,138.0,7/1/2021,10/1/2033,,,
14.0,8870,700000,3,10.2,233333.0,3.0,12/23/2021,3/23/2022,,,
156.0,8265,400000,27,13.44,19065.0,15.0,12/5/2013,3/5/2016,,,
137.0,8571,900000,84,16.23,30704.0,43.0,12/2/2022,12/2/2029,,,
271.0,8688,100000,54,9.44,2657.0,50.0,6/15/2016,12/15/2020,,,
96.0,8413,800000,129,9.33,15132.0,120.0,1/21/2010,10/21/2020,,,
188.0,8257,400000,174,8.52,7222.0,109.0,9/23/2014,3/23/2029,,,
70.0,7037,600000,105,16.91,19942.0,67.0,8/9/2012,5/9/2021,,,
219.0,7547,200000,108,11.56,4957.0,61.0,2/26/2016,2/26/2025,,,
6.0,4441,600000,15,17.28,46912.0,11.0,3/21/2011,6/21/2012,,,
272.0,5212,500000,54,14.9,16138.0,41.0,2/6/2016,8/6/2020,,,
66.0,6043,300000,72,10.34,7519.0,55.0,10/19/2022,10/19/2028,,,
183.0,8349,200000,84,11.76,5185.0,73.0,3/14/2018,3/14/2025,,,
252.0,7150,500000,126,13.54,14128.0,123.0,11/11/2017,5/11/2028,,,
179.0,1562,300000,144,15.0,11146.0,94.0,4/8/2016,4/8/2028,,,
243.0,6341,900000,162,17.42,44810.0,132.0,9/26/2021,3/26/2035,,,
123.0,2262,200000,129,12.24,4919.0,67.0,8/19/2022,5/19/2033,,,
231.0,7264,300000,69,16.58,9363.0,66.0,2/22/2013,11/22/2018,,,
298.0,5078,600000,69,12.83,15901.0,50.0,3/7/2015,12/7/2020,,,
86.0,6079,600000,132,15.99,23238.0,80.0,12/5/2020,12/5/2031,,,
299.0,5808,700000,150,10.18,14936.0,98.0,11/10/2017,5/10/2030,,,
233.0,3464,500000,168,11.05,12910.0,120.0,6/13/2012,6/13/2026,,,
69.0,9810,600000,168,10.05,13649.0,87.0,8/7/2017,8/7/2031,,,
116.0,9552,100000,72,14.54,3136.0,38.0,9/26/2020,9/26/2026,,,
116.0,4618,500000,66,8.42,11349.0,43.0,6/14/2021,12/14/2026,,,
223.0,7425,900000,81,14.68,25275.0,81.0,4/26/2021,1/26/2028,,,
166.0,4828,800000,141,10.6,17186.0,140.0,6/2/2013,3/2/2025,,,
229.0,5552,600000,180,15.61,29364.0,97.0,7/20/2011,7/20/2026,,,
296.0,2991,700000,78,14.61,20339.0,42.0,10/26/2015,4/26/2022,,,
199.0,1685,200000,108,14.18,6108.0,54.0,2/3/2014,2/3/2023,,,
73.0,7933,900000,75,12.87,24811.0,52.0,6/17/2014,9/17/2020,,,
44.0,7068,900000,180,14.89,40105.0,140.0,7/31/2018,7/31/2033,,,
72.0,5020,500000,165,11.64,12681.0,90.0,3/1/2015,12/1/2028,,,
180.0,8598,600000,138,12.62,16071.0,73.0,1/28/2022,7/28/2033,,,
181.0,9009,200000,171,12.18,5846.0,116.0,12/21/2019,3/21/2034,,,
83.0,4318,600000,126,15.76,20576.0,85.0,8/2/2020,2/2/2031,,,
133.0,9660,600000,105,13.95,16243.0,74.0,3/14/2019,12/14/2027,,,
273.0,1243,600000,45,15.53,20560.0,43.0,6/24/2012,3/24/2016,,,
218.0,7753,800000,156,8.05,14031.0,146.0,1/2/2018,1/2/2031,,,
222.0,9250,900000,90,11.22,21051.0,62.0,12/5/2015,6/5/2023,,,
134.0,9600,700000,69,10.56,16759.0,56.0,4/26/2013,1/26/2019,,,
136.0,3535,800000,108,16.94,30292.0,69.0,9/17/2018,9/17/2027,,,
8.0,7737,600000,60,13.25,18629.0,53.0,4/22/2012,4/22/2017,,,
68.0,9024,100000,99,17.02,3552.0,65.0,2/23/2016,5/23/2024,,,
255.0,7732,200000,81,16.18,6072.0,65.0,9/29/2017,6/29/2024,,,
251.0,8156,300000,27,11.48,13809.0,14.0,8/19/2018,11/19/2020,,,
21.0,5147,600000,102,16.37,19782.0,82.0,3/27/2018,9/27/2026,,,
142.0,2866,800000,102,16.72,27018.0,66.0,11/16/2018,5/16/2027,,,
202.0,2122,400000,129,14.62,12136.0,102.0,8/31/2021,5/31/2032,,,
274.0,4520,900000,93,16.96,28975.0,48.0,1/20/2021,10/20/2028,,,
292.0,2233,300000,114,8.27,5380.0,104.0,4/4/2014,10/4/2023,,,
87.0,1582,700000,54,15.89,23382.0,36.0,10/14/2017,4/14/2022,,,
21.0,9517,500000,123,16.16,18182.0,96.0,7/1/2015,10/1/2025,,,
117.0,5158,200000,81,10.59,4517.0,50.0,4/12/2017,1/12/2024,,,
25.0,1067,700000,36,15.48,29944.0,31.0,4/23/2022,4/23/2025,,,
155.0,1005,200000,171,10.36,4649.0,169.0,12/5/2015,3/5/2030,,,
170.0,1492,500000,114,8.78,9354.0,77.0,9/17/2010,3/17/2020,,,
195.0,3976,300000,168,8.66,5712.0,111.0,8/17/2023,8/17/2037,,,
164.0,3398,600000,63,12.07,16837.0,43.0,5/15/2018,8/15/2023,,,
51.0,1637,200000,129,16.44,7103.0,106.0,11/25/2021,8/25/2032,,,
122.0,3423,800000,57,11.17,21437.0,57.0,12/4/2015,9/4/2020,,,
59.0,8561,700000,45,11.68,21668.0,37.0,1/31/2011,10/31/2014,,,
76.0,1672,500000,165,10.98,11740.0,114.0,1/30/2020,10/30/2033,,,
210.0,3672,800000,144,13.79,26180.0,87.0,2/13/2014,2/13/2026,,,
227.0,1765,600000,27,9.43,26611.0,14.0,4/3/2011,7/3/2013,,,
131.0,3252,600000,81,13.13,15529.0,67.0,11/9/2020,8/9/2027,,,
3.0,3050,500000,78,8.86,10668.0,75.0,10/3/2017,4/3/2024,,,
185.0,4664,800000,150,8.56,14290.0,99.0,3/26/2023,9/26/2035,,,
85.0,8135,800000,36,15.69,34409.0,24.0,12/3/2016,12/3/2019,,,
73.0,2790,300000,24,11.47,15532.0,20.0,5/23/2012,5/23/2014,,,
204.0,3804,700000,63,10.27,18115.0,63.0,4/18/2010,7/18/2015,,,
152.0,4955,700000,156,9.99,15473.0,80.0,3/9/2021,3/9/2034,,,
151.0,6741,500000,153,15.52,18457.0,92.0,4/22/2015,1/22/2028,,,
125.0,1299,900000,15,11.64,66984.0,8.0,4/28/2017,7/28/2018,,,
199.0,5753,100000,15,17.36,7824.0,8.0,2/1/2018,5/1/2019,,,
97.0,4859,800000,33,15.4,32284.0,23.0,7/22/2015,4/22/2018,,,
299.0,5432,300000,180,14.37,12489.0,108.0,5/20/2015,5/20/2030,,,
15.0,1512,600000,96,10.49,13882.0,54.0,6/1/2023,6/1/2031,,,
115.0,7273,400000,45,13.63,13041.0,24.0,9/7/2019,6/7/2023,,,
297.0,4881,1000000,42,9.63,31372.0,35.0,3/3/2018,9/3/2021,,,
152.0,1954,100000,45,13.91,3285.0,40.0,1/6/2021,10/6/2024,,,
25.0,8879,900000,132,14.37,29861.0,81.0,3/20/2023,3/20/2034,,,
205.0,2080,400000,6,12.0,66667.0,4.0,2/19/2023,8/19/2023,,,
251.0,1042,200000,42,12.65,6807.0,24.0,2/6/2019,8/6/2022,,,
285.0,9147,100000,120,14.93,3351.0,61.0,9/11/2022,9/11/2032,,,
90.0,1429,800000,15,15.75,61733.0,8.0,8/11/2018,11/11/2019,,,
16.0,4301,500000,48,15.39,18467.0,45.0,2/12/2010,2/12/2014,,,
266.0,1321,200000,51,13.86,6591.0,46.0,8/6/2013,11/6/2017,,,
51.0,8602,200000,6,15.38,33333.0,4.0,11/18/2016,5/18/2017,,,
224.0,6837,400000,45,13.12,12867.0,30.0,5/11/2015,2/11/2019,,,
154.0,1969,400000,21,12.23,21377.0,12.0,5/17/2021,2/17/2023,,,
184.0,1670,900000,135,12.72,24884.0,127.0,9/4/2016,12/4/2027,,,
296.0,5339,600000,135,17.25,25589.0,84.0,6/7/2021,9/7/2032,,,
49.0,4870,800000,90,16.66,26140.0,72.0,9/24/2015,3/24/2023,,,
125.0,8199,200000,84,12.4,5397.0,62.0,12/12/2014,12/12/2021,,,
35.0,8195,400000,39,17.41,16600.0,32.0,4/23/2011,7/23/2014,,,
47.0,2481,800000,123,17.06,31425.0,70.0,10/22/2022,1/22/2033,,,
261.0,9417,600000,168,13.44,20872.0,108.0,7/24/2022,7/24/2036,,,
299.0,9223,800000,6,11.66,133333.0,4.0,7/19/2015,1/19/2016,,,
228.0,6968,500000,114,9.0,9526.0,114.0,5/17/2012,11/17/2021,,,
130.0,3794,500000,120,15.91,18239.0,67.0,4/17/2016,4/17/2026,,,
215.0,1038,800000,168,8.95,15811.0,104.0,11/18/2015,11/18/2029,,,
256.0,5851,300000,3,14.8,100000.0,2.0,4/29/2017,7/29/2017,,,
255.0,9657,300000,51,13.12,9632.0,41.0,3/24/2014,6/24/2018,,,
264.0,1540,500000,39,17.29,20687.0,24.0,6/13/2014,9/13/2017,,,
297.0,9358,200000,93,11.24,4533.0,88.0,3/11/2013,12/11/2020,,,
189.0,6560,300000,63,8.39,7124.0,46.0,12/14/2016,3/14/2022,,,
263.0,2320,700000,153,16.72,29252.0,92.0,2/19/2022,11/19/2034,,,
23.0,4294,800000,120,10.71,18441.0,74.0,7/29/2014,7/29/2024,,,
83.0,9641,600000,69,17.0,19065.0,53.0,2/7/2011,11/7/2016,,,
201.0,4610,200000,81,17.29,6429.0,41.0,12/30/2020,9/30/2027,,,
23.0,4260,300000,27,11.63,13846.0,21.0,5/11/2014,8/11/2016,,,
151.0,5987,200000,84,17.3,7275.0,67.0,5/27/2016,5/27/2023,,,
26.0,4118,700000,30,9.57,28013.0,17.0,11/6/2021,5/6/2024,,,
36.0,6150,100000,81,15.72,2965.0,48.0,11/11/2022,8/11/2029,,,
286.0,2365,400000,168,12.72,12728.0,120.0,8/21/2021,8/21/2035,,,
45.0,3545,300000,54,9.28,7923.0,50.0,1/2/2022,7/2/2026,,,
283.0,9502,900000,57,12.79,25553.0,29.0,4/27/2016,1/27/2021,,,
105.0,4284,400000,6,11.59,66667.0,5.0,1/21/2013,7/21/2013,,,
132.0,4262,200000,159,14.77,7541.0,153.0,5/24/2011,8/24/2024,,,
4.0,9018,400000,171,13.06,13043.0,126.0,6/19/2015,9/19/2029,,,
142.0,8846,200000,156,15.14,8014.0,129.0,8/13/2016,8/13/2029,,,
215.0,2212,100000,30,8.99,3960.0,18.0,7/26/2015,1/26/2018,,,
81.0,3886,600000,51,14.36,20122.0,41.0,11/14/2014,2/14/2019,,,
159.0,3533,800000,84,14.34,24333.0,57.0,11/9/2015,11/9/2022,,,
170.0,6675,900000,138,12.38,23547.0,79.0,2/4/2011,8/4/2022,,,
31.0,9688,700000,153,15.53,25867.0,148.0,3/22/2019,12/22/2031,,,
109.0,5252,300000,72,9.29,7100.0,57.0,6/27/2010,6/27/2016,,,
149.0,4720,600000,6,12.92,100000.0,4.0,8/16/2021,2/16/2022,,,
140.0,9180,100000,111,9.46,2032.0,104.0,8/23/2018,11/23/2027,,,
279.0,1662,600000,51,12.65,18945.0,41.0,9/3/2019,12/3/2023,,,
153.0,9422,200000,57,12.75,5670.0,36.0,2/18/2023,11/18/2027,,,
105.0,7542,500000,90,13.44,13430.0,80.0,10/16/2012,4/16/2020,,,
293.0,8963,800000,135,15.09,27808.0,128.0,9/26/2016,12/26/2027,,,
108.0,1131,200000,84,11.58,5127.0,59.0,11/2/2012,11/2/2019,,,
217.0,1824,700000,180,14.81,30869.0,113.0,10/5/2021,10/5/2036,,,
114.0,4391,400000,123,11.02,9251.0,89.0,12/25/2011,3/25/2022,,,
99.0,9918,800000,96,13.27,22581.0,62.0,6/21/2010,6/21/2018,,,
202.0,2173,300000,66,12.0,8011.0,60.0,12/1/2017,6/1/2023,,,
246.0,5389,600000,159,16.78,28349.0,141.0,8/24/2020,11/24/2033,,,
238.0,9546,200000,84,8.11,4110.0,81.0,7/31/2021,7/31/2028,,,
86.0,2571,700000,132,13.03,20401.0,95.0,3/12/2013,3/12/2024,,,
104.0,7835,600000,9,14.49,66667.0,7.0,10/25/2022,7/25/2023,,,
255.0,6830,100000,6,16.91,16667.0,4.0,12/31/2018,6/30/2019,,,
123.0,4588,500000,57,10.42,13040.0,39.0,10/17/2020,7/17/2025,,,
19.0,6293,600000,48,16.26,22837.0,30.0,12/25/2017,12/25/2021,,,
187.0,2958,900000,180,15.15,41489.0,102.0,5/27/2016,5/27/2031,,,
121.0,5294,200000,135,10.1,4269.0,85.0,4/17/2012,7/17/2023,,,
8.0,9971,100000,138,13.23,2842.0,107.0,11/12/2022,5/12/2034,,,
62.0,5386,300000,126,13.14,8183.0,85.0,4/17/2014,10/17/2024,,,
284.0,3518,300000,150,9.88,6195.0,129.0,2/9/2012,8/9/2024,,,
145.0,1131,900000,138,13.73,26853.0,92.0,4/22/2018,10/22/2029,,,
236.0,5146,500000,45,12.93,16002.0,29.0,2/28/2021,11/28/2024,,,
24.0,3934,300000,81,10.89,6886.0,69.0,8/26/2017,5/26/2024,,,
280.0,5336,1000000,90,10.26,22013.0,86.0,3/26/2018,9/26/2025,,,
10.0,1324,200000,42,11.9,6672.0,35.0,1/8/2016,7/8/2019,,,
30.0,1721,900000,33,9.52,32713.0,20.0,6/5/2019,3/5/2022,,,
239.0,2654,100000,93,11.53,2308.0,76.0,11/5/2010,8/5/2018,,,
60.0,6757,400000,81,9.38,8457.0,67.0,3/22/2017,12/22/2023,,,
55.0,3816,900000,174,17.46,49221.0,172.0,11/16/2010,5/16/2025,,,
125.0,4443,700000,162,13.04,21262.0,87.0,5/18/2021,11/18/2034,,,
71.0,2240,400000,117,9.57,7782.0,72.0,8/19/2021,5/19/2031,,,
11.0,6809,200000,165,8.67,3572.0,103.0,11/27/2010,8/27/2024,,,
282.0,4696,900000,51,14.74,30587.0,32.0,1/22/2018,4/22/2022,,,
184.0,9502,600000,111,15.51,19788.0,71.0,4/17/2021,7/17/2030,,,
8.0,5543,400000,174,17.94,23161.0,92.0,5/20/2010,11/20/2024,,,
288.0,7650,1000000,69,8.16,21453.0,47.0,5/8/2010,2/8/2016,,,
160.0,1472,200000,66,9.29,4725.0,48.0,6/19/2020,12/19/2025,,,
231.0,6593,600000,39,10.8,20927.0,37.0,9/3/2022,12/3/2025,,,
206.0,6314,800000,39,14.2,30551.0,30.0,9/9/2014,12/9/2017,,,
281.0,7373,700000,129,16.2,24354.0,69.0,3/11/2015,12/11/2025,,,
176.0,9673,200000,120,10.61,4569.0,88.0,10/15/2014,10/15/2024,,,
124.0,2726,600000,3,17.37,200000.0,2.0,7/10/2012,10/10/2012,,,
60.0,6331,400000,63,16.72,13755.0,47.0,11/29/2021,2/28/2027,,,
125.0,9312,200000,42,17.92,7808.0,24.0,12/22/2011,6/22/2015,,,
84.0,3280,700000,114,15.87,23117.0,64.0,1/19/2012,7/19/2021,,,
159.0,2388,1000000,69,8.11,21403.0,63.0,5/10/2021,2/10/2027,,,
130.0,4888,600000,24,17.75,34663.0,19.0,8/22/2023,8/22/2025,,,
107.0,3217,800000,12,12.45,74967.0,8.0,5/2/2023,5/2/2024,,,
63.0,8214,300000,99,17.41,10943.0,58.0,3/12/2012,6/12/2020,,,
21.0,2579,900000,45,14.65,30141.0,44.0,11/6/2018,8/6/2022,,,
221.0,2905,200000,141,10.86,4409.0,108.0,6/15/2010,3/15/2022,,,
295.0,3488,900000,90,11.13,20932.0,76.0,1/8/2017,7/8/2024,,,
141.0,8417,500000,174,9.43,10147.0,163.0,6/2/2010,12/2/2024,,,
212.0,6502,300000,126,16.5,10965.0,110.0,8/26/2023,2/26/2034,,,
156.0,8229,700000,84,12.4,18888.0,82.0,8/20/2019,8/20/2026,,,
142.0,6815,300000,171,13.61,10470.0,98.0,2/21/2022,5/21/2036,,,
73.0,6044,800000,108,11.65,19971.0,78.0,12/21/2021,12/21/2030,,,
5.0,9794,300000,87,9.21,6389.0,54.0,4/26/2010,7/26/2017,,,
191.0,7183,300000,147,8.94,5702.0,88.0,7/21/2015,10/21/2027,,,
100.0,6720,900000,168,17.17,49245.0,139.0,7/27/2017,7/27/2031,,,
255.0,4548,800000,147,15.37,30261.0,84.0,12/28/2015,3/28/2028,,,
61.0,8230,400000,108,12.23,10462.0,81.0,1/31/2014,1/31/2023,,,
136.0,4725,400000,45,10.64,12039.0,39.0,8/28/2022,5/28/2026,,,
63.0,6150,500000,66,12.48,13640.0,60.0,11/17/2020,5/17/2026,,,
269.0,5693,200000,36,8.05,7008.0,30.0,10/29/2020,10/29/2023,,,
197.0,8808,300000,81,12.34,7445.0,47.0,9/14/2017,6/14/2024,,,
56.0,9512,600000,162,16.68,27516.0,113.0,5/16/2014,11/16/2027,,,
197.0,2347,800000,108,9.65,16972.0,92.0,7/14/2019,7/14/2028,,,
89.0,4814,700000,141,16.52,26686.0,122.0,1/19/2021,10/19/2032,,,
128.0,8288,700000,150,14.84,24554.0,126.0,2/17/2020,8/17/2032,,,
152.0,4635,200000,87,17.07,6928.0,80.0,4/1/2018,7/1/2025,,,
106.0,5132,600000,102,9.05,11764.0,82.0,5/17/2019,11/17/2027,,,
255.0,8176,600000,135,11.9,15309.0,77.0,5/1/2020,8/1/2031,,,
141.0,4360,700000,120,10.52,15861.0,111.0,8/21/2018,8/21/2028,,,
152.0,1994,800000,9,11.73,88889.0,7.0,9/10/2018,6/10/2019,,,
148.0,5480,300000,12,16.02,29005.0,6.0,3/27/2023,3/27/2024,,,
23.0,1569,1000000,174,12.05,28263.0,92.0,10/2/2020,4/2/2035,,,
156.0,7934,900000,90,17.81,31497.0,73.0,3/19/2022,9/19/2029,,,
298.0,7422,500000,123,17.3,20047.0,94.0,7/2/2010,10/2/2020,,,
123.0,7170,400000,42,13.05,13760.0,39.0,10/30/2018,4/30/2022,,,
54.0,6346,800000,6,16.4,133333.0,6.0,8/8/2012,2/8/2013,,,
204.0,4702,700000,168,11.23,18488.0,154.0,2/11/2017,2/11/2031,,,
84.0,6739,500000,144,12.6,14423.0,112.0,10/17/2022,10/17/2034,,,
295.0,9374,700000,90,10.09,15244.0,68.0,1/11/2023,7/11/2030,,,
264.0,1183,100000,168,12.43,3069.0,112.0,7/4/2013,7/4/2027,,,
45.0,8559,800000,27,14.44,38804.0,22.0,5/4/2020,8/4/2022,,,
72.0,1882,300000,60,14.33,9767.0,57.0,8/4/2016,8/4/2021,,,
173.0,7327,200000,144,17.28,9405.0,94.0,2/15/2012,2/15/2024,,,
120.0,7520,800000,120,17.22,32653.0,68.0,4/13/2014,4/13/2024,,,
226.0,4634,800000,105,15.99,24961.0,68.0,3/12/2012,12/12/2020,,,
136.0,4189,100000,102,13.04,2614.0,85.0,7/2/2021,1/2/2030,,,
37.0,3749,500000,30,13.13,21331.0,18.0,2/15/2010,8/15/2012,,,
149.0,8226,400000,3,9.79,133333.0,3.0,9/21/2013,12/21/2013,,,
297.0,1867,500000,105,12.37,12106.0,82.0,11/5/2017,8/5/2026,,,
293.0,8180,500000,18,17.8,32722.0,14.0,3/2/2017,9/2/2018,,,
271.0,3588,500000,165,15.72,20221.0,159.0,8/30/2021,5/30/2035,,,
243.0,8299,300000,69,8.13,6427.0,49.0,12/7/2010,9/7/2016,,,
119.0,3552,300000,141,12.57,7826.0,130.0,8/27/2019,5/27/2031,,,
284.0,4557,600000,72,9.26,14177.0,61.0,10/26/2018,10/26/2024,,,
27.0,6100,700000,6,13.02,116667.0,6.0,4/8/2010,10/8/2010,,,
285.0,7228,800000,39,12.61,29292.0,25.0,8/7/2021,11/7/2024,,,
133.0,6996,700000,45,15.0,23658.0,27.0,4/26/2010,1/26/2014,,,
153.0,5472,400000,21,14.86,21878.0,15.0,6/8/2013,3/8/2015,,,
148.0,1203,900000,54,8.61,23191.0,28.0,12/12/2017,6/12/2022,,,
97.0,8244,800000,123,13.55,23177.0,84.0,9/4/2011,12/4/2021,,,
40.0,9097,600000,111,8.63,11386.0,72.0,2/10/2011,5/10/2020,,,
11.0,8297,600000,150,15.86,23403.0,98.0,1/20/2019,7/20/2031,,,
20.0,2660,500000,12,17.84,49100.0,7.0,11/22/2010,11/22/2011,,,
116.0,4351,500000,12,8.73,45304.0,9.0,4/21/2021,4/21/2022,,,
51.0,2402,800000,135,13.13,23020.0,75.0,9/27/2014,12/27/2025,,,
37.0,4134,400000,141,11.36,9265.0,97.0,4/3/2023,1/3/2035,,,
112.0,6445,900000,60,9.2,23292.0,37.0,6/21/2016,6/21/2021,,,
236.0,4060,300000,84,14.88,9431.0,56.0,12/6/2018,12/6/2025,,,
256.0,2761,200000,81,10.43,4478.0,59.0,11/10/2017,8/10/2024,,,
222.0,9666,800000,177,17.45,42959.0,91.0,2/11/2015,11/11/2029,,,
122.0,7946,200000,15,16.46,15528.0,10.0,10/3/2022,1/3/2024,,,
16.0,1504,600000,180,11.75,17644.0,151.0,12/19/2010,12/19/2025,,,
208.0,3277,500000,75,13.08,13939.0,45.0,5/16/2013,8/16/2019,,,
215.0,9084,300000,99,11.14,7054.0,55.0,2/21/2021,5/21/2029,,,
210.0,6042,600000,9,18.0,66667.0,5.0,12/20/2015,9/20/2016,,,
162.0,9503,700000,156,8.02,12233.0,101.0,4/14/2011,4/14/2024,,,
290.0,4878,600000,102,13.02,15660.0,78.0,10/23/2020,4/23/2029,,,
151.0,5772,700000,150,9.21,13432.0,87.0,6/14/2021,12/14/2033,,,
120.0,6758,800000,18,15.23,51213.0,13.0,6/5/2014,12/5/2015,,,
107.0,2525,300000,9,12.82,33333.0,8.0,3/31/2013,12/31/2013,,,
93.0,5958,200000,153,11.54,4847.0,118.0,3/5/2014,12/5/2026,,,
24.0,5289,200000,48,15.31,7366.0,28.0,1/16/2011,1/16/2015,,,
196.0,7972,500000,30,9.9,20130.0,21.0,11/29/2011,5/29/2014,,,
8.0,3079,100000,102,13.22,2647.0,54.0,6/4/2013,12/4/2021,,,
57.0,7116,1000000,72,11.83,27165.0,44.0,4/17/2019,4/17/2025,,,
159.0,5694,400000,120,15.35,13901.0,63.0,6/18/2013,6/18/2023,,,
196.0,1390,400000,39,9.83,13588.0,29.0,8/8/2021,11/8/2024,,,
301.0,9008,500000,24,15.0,,,,2026-10-27,24243.324023475583,0.0,2024-10-27
